Molecule	OriginalName	ComboTanimoto	ShapeTanimoto	ColorTanimoto	FitTverskyCombo	FitTversky	FitColorTversky	RefTverskyCombo	RefTversky	RefColorTversky	Overlap
mol_66_0_4	mol_66	0.425	0.293	0.132	0.699	0.464	0.235	0.674	0.444	0.23	1716.654
mol_19_0_1	mol_19	0.425	0.321	0.104	0.654	0.472	0.182	0.696	0.501	0.195	1946.684
mol_5_0_3	mol_5	0.4	0.264	0.136	0.666	0.423	0.243	0.648	0.412	0.237	1591.306
mol_44_0_0	mol_44	0.391	0.313	0.078	0.65	0.499	0.15	0.595	0.456	0.14	1756.304
mol_5_0_1	mol_5	0.389	0.311	0.077	0.628	0.483	0.146	0.609	0.467	0.142	1805.635
mol_72_0_2	mol_72	0.372	0.273	0.099	0.599	0.424	0.175	0.62	0.433	0.187	1677.594
mol_58_0_1	mol_58	0.368	0.278	0.09	0.613	0.444	0.169	0.587	0.426	0.161	1647.36
mol_44_0_3	mol_44	0.361	0.28	0.081	0.613	0.458	0.155	0.563	0.419	0.144	1613.222
mol_55_0_4	mol_55	0.358	0.282	0.075	0.549	0.416	0.134	0.615	0.468	0.147	1826.642
mol_32_0_4	mol_32	0.356	0.252	0.104	0.605	0.414	0.191	0.578	0.391	0.186	1511.379
mol_21_0_2	mol_21	0.351	0.237	0.114	0.596	0.397	0.199	0.581	0.371	0.21	1431.543
mol_16_0_2	mol_16	0.348	0.265	0.083	0.558	0.415	0.143	0.588	0.423	0.165	1640.042
mol_21_0_0	mol_21	0.348	0.306	0.042	0.563	0.484	0.078	0.536	0.454	0.082	1751.195
mol_32_0_0	mol_32	0.347	0.279	0.068	0.578	0.448	0.13	0.55	0.424	0.126	1636.92
mol_31_0_4	mol_31	0.346	0.283	0.063	0.563	0.451	0.111	0.558	0.433	0.125	1671.245
mol_31_0_1	mol_31	0.343	0.26	0.083	0.567	0.422	0.145	0.567	0.404	0.163	1560.981
mol_28_0_0	mol_28	0.343	0.286	0.057	0.546	0.439	0.107	0.56	0.45	0.11	1744.297
mol_39_0_3	mol_39	0.34	0.236	0.104	0.584	0.391	0.193	0.557	0.374	0.183	1444.567
mol_39_0_4	mol_39	0.337	0.244	0.093	0.576	0.402	0.174	0.55	0.384	0.165	1484.545
mol_21_0_3	mol_21	0.334	0.252	0.082	0.565	0.417	0.149	0.545	0.389	0.156	1501.377
mol_38_0_4	mol_38	0.334	0.271	0.063	0.525	0.411	0.114	0.567	0.444	0.123	1726.161
mol_98_0_4	mol_98	0.332	0.276	0.056	0.524	0.423	0.101	0.554	0.443	0.112	1718.349
mol_95_0_3	mol_95	0.326	0.278	0.048	0.534	0.441	0.092	0.519	0.428	0.09	1656.481
mol_22_0_1	mol_22	0.325	0.287	0.038	0.544	0.467	0.077	0.498	0.427	0.071	1646.793
mol_57_0_2	mol_57	0.323	0.242	0.082	0.548	0.395	0.153	0.533	0.384	0.149	1483.974
mol_13_0_4	mol_13	0.322	0.232	0.091	0.546	0.378	0.168	0.538	0.374	0.164	1448.71
mol_28_0_3	mol_28	0.321	0.221	0.1	0.537	0.357	0.18	0.552	0.367	0.185	1422.438
mol_101_0_4	mol_101	0.319	0.258	0.061	0.544	0.425	0.119	0.506	0.396	0.11	1528.518
mol_69_0_1	mol_69	0.317	0.259	0.057	0.528	0.421	0.107	0.513	0.404	0.109	1560.086
mol_17_0_4	mol_17	0.316	0.252	0.064	0.531	0.409	0.122	0.515	0.396	0.119	1531.138
mol_56_0_3	mol_56	0.315	0.275	0.04	0.534	0.453	0.081	0.486	0.412	0.075	1585.789
mol_71_0_2	mol_71	0.315	0.245	0.071	0.533	0.399	0.134	0.518	0.387	0.13	1497.63
mol_36_0_4	mol_36	0.314	0.267	0.047	0.519	0.428	0.091	0.505	0.416	0.089	1608.875
mol_87_0_4	mol_87	0.314	0.287	0.027	0.507	0.454	0.053	0.491	0.439	0.052	1696.295
mol_14_0_1	mol_14	0.314	0.254	0.06	0.538	0.423	0.116	0.499	0.388	0.112	1495.297
mol_73_0_4	mol_73	0.313	0.252	0.061	0.517	0.4	0.117	0.517	0.404	0.114	1564.305
mol_48_0_4	mol_48	0.312	0.239	0.073	0.509	0.376	0.133	0.536	0.396	0.14	1536.992
mol_69_0_0	mol_69	0.312	0.242	0.07	0.527	0.397	0.131	0.515	0.382	0.133	1476.088
mol_75_0_2	mol_75	0.311	0.207	0.103	0.525	0.34	0.185	0.537	0.347	0.19	1346.666
mol_65_0_1	mol_65	0.31	0.246	0.063	0.519	0.403	0.116	0.51	0.387	0.122	1496.717
mol_26_0_3	mol_26	0.308	0.258	0.05	0.513	0.417	0.096	0.498	0.405	0.094	1563.71
mol_89_0_4	mol_89	0.308	0.285	0.023	0.517	0.468	0.048	0.464	0.421	0.043	1620.72
mol_74_0_0	mol_74	0.308	0.214	0.094	0.516	0.346	0.17	0.534	0.36	0.174	1396.272
mol_51_0_0	mol_51	0.307	0.232	0.075	0.529	0.386	0.143	0.505	0.369	0.136	1424.728
mol_66_0_1	mol_66	0.307	0.271	0.036	0.507	0.437	0.07	0.485	0.417	0.068	1610.567
mol_65_0_0	mol_65	0.306	0.266	0.04	0.505	0.43	0.075	0.492	0.412	0.08	1590.88
mol_9_0_3	mol_9	0.306	0.249	0.057	0.535	0.421	0.114	0.482	0.378	0.103	1457.182
mol_31_0_0	mol_31	0.305	0.264	0.041	0.502	0.428	0.074	0.493	0.409	0.083	1581.856
mol_71_0_1	mol_71	0.305	0.232	0.073	0.521	0.383	0.138	0.505	0.37	0.135	1431.825
mol_84_0_4	mol_84	0.305	0.259	0.046	0.493	0.409	0.084	0.507	0.413	0.093	1600.911
mol_98_0_3	mol_98	0.304	0.252	0.053	0.489	0.393	0.095	0.517	0.411	0.106	1597.106
mol_3_0_2	mol_3	0.304	0.212	0.093	0.516	0.346	0.17	0.522	0.352	0.17	1365.882
mol_14_0_3	mol_14	0.304	0.23	0.074	0.532	0.391	0.141	0.494	0.358	0.136	1381.773
mol_28_0_1	mol_28	0.304	0.229	0.075	0.505	0.367	0.138	0.519	0.378	0.141	1466.046
mol_31_0_2	mol_31	0.304	0.219	0.085	0.514	0.366	0.148	0.519	0.352	0.167	1361.689
mol_79_0_4	mol_79	0.304	0.253	0.051	0.497	0.401	0.096	0.504	0.406	0.099	1571.936
mol_83_0_1	mol_83	0.304	0.253	0.051	0.509	0.413	0.096	0.492	0.395	0.098	1523.997
mol_62_0_2	mol_62	0.303	0.257	0.047	0.516	0.424	0.092	0.48	0.394	0.086	1519.456
mol_80_0_3	mol_80	0.302	0.234	0.068	0.535	0.401	0.134	0.48	0.36	0.121	1384.776
mol_90_0_2	mol_90	0.301	0.269	0.031	0.512	0.448	0.064	0.461	0.403	0.058	1552.586
mol_22_0_3	mol_22	0.301	0.258	0.043	0.514	0.428	0.086	0.472	0.393	0.08	1513.813
mol_45_0_3	mol_45	0.3	0.234	0.066	0.507	0.382	0.125	0.499	0.377	0.122	1457.62
mol_86_0_2	mol_86	0.3	0.215	0.084	0.522	0.363	0.159	0.498	0.346	0.152	1335.11
mol_38_0_0	mol_38	0.3	0.243	0.056	0.479	0.376	0.103	0.518	0.408	0.111	1585.966
mol_83_0_3	mol_83	0.299	0.258	0.041	0.498	0.419	0.078	0.482	0.402	0.079	1554.839
mol_76_0_2	mol_76	0.299	0.269	0.03	0.481	0.424	0.058	0.483	0.425	0.058	1645.247
mol_68_0_1	mol_68	0.298	0.224	0.074	0.529	0.385	0.144	0.482	0.349	0.133	1343.4
mol_46_0_3	mol_46	0.298	0.254	0.044	0.498	0.412	0.086	0.482	0.398	0.084	1537.078
mol_26_0_1	mol_26	0.298	0.214	0.084	0.514	0.358	0.156	0.499	0.347	0.152	1340.662
mol_86_0_1	mol_86	0.297	0.25	0.047	0.503	0.41	0.093	0.479	0.39	0.088	1506.992
mol_22_0_4	mol_22	0.297	0.239	0.058	0.518	0.403	0.115	0.476	0.37	0.106	1426.892
mol_56_0_1	mol_56	0.297	0.231	0.065	0.523	0.395	0.128	0.477	0.359	0.118	1381.293
mol_69_0_2	mol_69	0.297	0.261	0.036	0.491	0.422	0.069	0.476	0.405	0.07	1565.812
mol_87_0_1	mol_87	0.297	0.262	0.034	0.49	0.423	0.067	0.475	0.409	0.066	1580.446
mol_80_0_0	mol_80	0.297	0.24	0.056	0.522	0.409	0.112	0.47	0.368	0.101	1417.815
mol_60_0_1	mol_60	0.296	0.266	0.031	0.483	0.424	0.059	0.476	0.416	0.06	1608.724
mol_14_0_0	mol_14	0.296	0.239	0.056	0.513	0.404	0.109	0.475	0.37	0.105	1427.015
mol_24_0_0	mol_24	0.294	0.254	0.04	0.467	0.393	0.074	0.499	0.419	0.08	1630.083
mol_66_0_0	mol_66	0.293	0.222	0.072	0.506	0.371	0.135	0.487	0.355	0.132	1371.57
mol_97_0_2	mol_97	0.293	0.223	0.07	0.462	0.345	0.118	0.533	0.387	0.146	1510.15
mol_76_0_3	mol_76	0.292	0.253	0.04	0.479	0.403	0.076	0.481	0.404	0.077	1565.493
mol_78_0_1	mol_78	0.291	0.258	0.033	0.457	0.395	0.061	0.492	0.427	0.065	1662.348
mol_54_0_2	mol_54	0.29	0.24	0.05	0.466	0.372	0.094	0.501	0.403	0.098	1568.21
mol_20_0_0	mol_20	0.29	0.232	0.058	0.494	0.386	0.108	0.477	0.367	0.11	1415.886
mol_30_0_0	mol_30	0.289	0.237	0.053	0.494	0.391	0.103	0.472	0.375	0.097	1449.045
mol_68_0_2	mol_68	0.289	0.252	0.037	0.497	0.422	0.074	0.453	0.384	0.069	1478.91
mol_6_0_3	mol_6	0.288	0.236	0.052	0.5	0.397	0.104	0.464	0.368	0.096	1419.195
mol_86_0_3	mol_86	0.288	0.23	0.058	0.496	0.383	0.113	0.472	0.364	0.108	1406.434
mol_52_0_3	mol_52	0.285	0.251	0.034	0.491	0.422	0.069	0.446	0.383	0.064	1474.13
mol_15_0_4	mol_15	0.285	0.249	0.036	0.478	0.408	0.07	0.46	0.389	0.071	1503.735
mol_95_0_2	mol_95	0.285	0.241	0.044	0.48	0.394	0.086	0.466	0.382	0.084	1477.06
mol_48_0_1	mol_48	0.285	0.25	0.035	0.455	0.389	0.066	0.48	0.41	0.07	1593.679
mol_20_0_1	mol_20	0.284	0.259	0.025	0.472	0.423	0.049	0.451	0.401	0.05	1547.29
mol_63_0_3	mol_63	0.284	0.254	0.03	0.457	0.403	0.054	0.471	0.407	0.064	1576.326
mol_91_0_1	mol_91	0.283	0.249	0.035	0.444	0.382	0.062	0.489	0.416	0.073	1618.47
mol_34_0_3	mol_34	0.283	0.183	0.1	0.494	0.311	0.183	0.487	0.308	0.179	1191.338
mol_20_0_3	mol_20	0.282	0.244	0.038	0.476	0.403	0.073	0.456	0.382	0.074	1476.276
mol_36_0_0	mol_36	0.282	0.253	0.029	0.466	0.409	0.057	0.454	0.398	0.056	1538.643
mol_47_0_4	mol_47	0.281	0.221	0.06	0.502	0.383	0.119	0.451	0.344	0.107	1324.921
mol_64_0_1	mol_64	0.281	0.245	0.036	0.471	0.4	0.071	0.455	0.386	0.069	1491.713
mol_72_0_3	mol_72	0.281	0.229	0.051	0.464	0.369	0.095	0.478	0.377	0.101	1460.821
mol_80_0_1	mol_80	0.28	0.242	0.038	0.49	0.413	0.077	0.44	0.37	0.069	1425.392
mol_74_0_1	mol_74	0.28	0.227	0.053	0.463	0.363	0.1	0.479	0.377	0.102	1461.296
mol_32_0_3	mol_32	0.279	0.24	0.039	0.474	0.398	0.077	0.451	0.377	0.075	1454.609
mol_14_0_2	mol_14	0.279	0.23	0.049	0.486	0.391	0.095	0.45	0.358	0.092	1380.696
mol_32_0_2	mol_32	0.278	0.214	0.063	0.483	0.363	0.121	0.461	0.343	0.118	1325.294
mol_75_0_1	mol_75	0.276	0.241	0.034	0.451	0.385	0.066	0.46	0.393	0.067	1522.508
mol_20_0_2	mol_20	0.276	0.221	0.055	0.475	0.371	0.104	0.457	0.352	0.105	1359.198
mol_33_0_0	mol_33	0.276	0.257	0.019	0.45	0.415	0.035	0.441	0.402	0.039	1555.798
mol_83_0_4	mol_83	0.275	0.226	0.049	0.47	0.377	0.093	0.455	0.361	0.094	1394.443
mol_50_0_0	mol_50	0.275	0.223	0.052	0.481	0.378	0.103	0.447	0.351	0.096	1355.348
mol_49_0_0	mol_49	0.274	0.251	0.024	0.464	0.416	0.048	0.431	0.387	0.045	1491.244
mol_86_0_4	mol_86	0.274	0.254	0.02	0.456	0.415	0.041	0.434	0.395	0.039	1525.717
mol_99_0_2	mol_99	0.274	0.22	0.053	0.47	0.367	0.102	0.456	0.355	0.1	1373.958
mol_15_0_0	mol_15	0.273	0.244	0.03	0.458	0.401	0.057	0.442	0.384	0.058	1481.754
mol_56_0_2	mol_56	0.273	0.211	0.062	0.488	0.367	0.122	0.445	0.332	0.113	1280.239
mol_79_0_2	mol_79	0.273	0.186	0.087	0.47	0.312	0.158	0.478	0.315	0.162	1221.508
mol_51_0_2	mol_51	0.273	0.241	0.032	0.461	0.397	0.063	0.44	0.38	0.06	1468.874
mol_72_0_0	mol_72	0.272	0.234	0.039	0.446	0.374	0.072	0.461	0.384	0.077	1488.294
mol_58_0_4	mol_58	0.272	0.252	0.02	0.452	0.411	0.041	0.433	0.395	0.039	1524.308
mol_48_0_0	mol_48	0.271	0.206	0.065	0.453	0.334	0.119	0.476	0.351	0.125	1361.201
mol_75_0_3	mol_75	0.271	0.228	0.043	0.449	0.368	0.081	0.459	0.376	0.083	1456.897
mol_60_0_0	mol_60	0.271	0.249	0.022	0.445	0.402	0.043	0.438	0.395	0.043	1527.303
mol_83_0_2	mol_83	0.27	0.255	0.016	0.445	0.415	0.03	0.429	0.398	0.031	1536.433
mol_39_0_0	mol_39	0.27	0.228	0.042	0.463	0.38	0.083	0.442	0.363	0.079	1402.791
mol_9_0_0	mol_9	0.27	0.192	0.078	0.492	0.341	0.152	0.444	0.307	0.137	1181.134
mol_32_0_1	mol_32	0.27	0.205	0.065	0.474	0.35	0.124	0.451	0.331	0.121	1276.884
mol_60_0_2	mol_60	0.27	0.215	0.055	0.461	0.357	0.104	0.455	0.351	0.105	1356.235
mol_73_0_2	mol_73	0.27	0.229	0.04	0.45	0.372	0.078	0.451	0.375	0.076	1451.652
mol_101_0_1	mol_101	0.269	0.242	0.027	0.459	0.404	0.055	0.428	0.377	0.051	1453.723
mol_92_0_0	mol_92	0.269	0.224	0.045	0.432	0.35	0.082	0.474	0.383	0.09	1491.58
mol_74_0_4	mol_74	0.268	0.24	0.028	0.434	0.38	0.054	0.45	0.395	0.056	1531.204
mol_21_0_4	mol_21	0.268	0.213	0.054	0.465	0.364	0.101	0.446	0.34	0.106	1310.512
mol_78_0_3	mol_78	0.267	0.227	0.04	0.431	0.356	0.075	0.465	0.386	0.079	1499.712
mol_16_0_1	mol_16	0.267	0.221	0.046	0.441	0.359	0.082	0.46	0.366	0.095	1418.318
mol_88_0_3	mol_88	0.267	0.235	0.033	0.44	0.378	0.062	0.446	0.382	0.064	1480.419
mol_61_0_3	mol_61	0.267	0.215	0.053	0.45	0.35	0.1	0.456	0.357	0.1	1382.453
mol_76_0_0	mol_76	0.267	0.222	0.045	0.449	0.363	0.086	0.45	0.364	0.086	1408.148
mol_91_0_3	mol_91	0.267	0.227	0.04	0.426	0.355	0.071	0.47	0.386	0.084	1501.109
mol_66_0_2	mol_66	0.267	0.237	0.03	0.45	0.391	0.059	0.433	0.375	0.058	1447.443
mol_69_0_4	mol_69	0.267	0.247	0.019	0.442	0.405	0.038	0.427	0.388	0.038	1500.509
mol_55_0_0	mol_55	0.266	0.203	0.063	0.431	0.318	0.112	0.483	0.36	0.124	1402.186
mol_101_0_2	mol_101	0.265	0.237	0.028	0.455	0.398	0.057	0.423	0.37	0.053	1425.543
mol_48_0_3	mol_48	0.265	0.221	0.045	0.436	0.352	0.084	0.459	0.371	0.088	1439.812
mol_46_0_4	mol_46	0.265	0.241	0.024	0.442	0.396	0.047	0.428	0.382	0.045	1478.37
mol_75_0_4	mol_75	0.265	0.219	0.046	0.442	0.356	0.087	0.452	0.363	0.089	1407.644
mol_79_0_1	mol_79	0.264	0.212	0.052	0.445	0.348	0.097	0.452	0.352	0.1	1364.397
mol_63_0_2	mol_63	0.264	0.21	0.054	0.44	0.346	0.095	0.46	0.348	0.113	1347.576
mol_77_0_3	mol_77	0.264	0.193	0.071	0.453	0.32	0.133	0.46	0.326	0.133	1265.553
mol_19_0_2	mol_19	0.263	0.201	0.063	0.438	0.324	0.114	0.467	0.345	0.123	1340.043
mol_28_0_2	mol_28	0.263	0.235	0.028	0.43	0.376	0.054	0.442	0.386	0.055	1498.201
mol_88_0_1	mol_88	0.263	0.222	0.042	0.439	0.361	0.079	0.446	0.365	0.081	1414.253
mol_91_0_2	mol_91	0.263	0.211	0.052	0.426	0.335	0.091	0.471	0.364	0.107	1416.122
mol_17_0_3	mol_17	0.263	0.254	0.009	0.429	0.411	0.018	0.417	0.399	0.018	1542.731
mol_97_0_1	mol_97	0.263	0.23	0.032	0.41	0.354	0.056	0.468	0.398	0.07	1552.351
mol_88_0_0	mol_88	0.263	0.21	0.053	0.444	0.345	0.099	0.45	0.349	0.102	1351.764
mol_101_0_3	mol_101	0.263	0.234	0.028	0.452	0.394	0.058	0.419	0.365	0.053	1408.634
mol_93_0_0	mol_93	0.262	0.2	0.062	0.43	0.318	0.111	0.475	0.35	0.124	1364.643
mol_83_0_0	mol_83	0.262	0.224	0.038	0.447	0.374	0.073	0.432	0.358	0.074	1383.97
mol_61_0_0	mol_61	0.262	0.234	0.028	0.43	0.375	0.055	0.438	0.383	0.055	1484.147
mol_93_0_4	mol_93	0.262	0.219	0.042	0.421	0.344	0.077	0.463	0.378	0.086	1470.163
mol_75_0_0	mol_75	0.261	0.206	0.055	0.441	0.339	0.103	0.451	0.345	0.106	1337.599
mol_35_0_4	mol_35	0.261	0.236	0.025	0.421	0.376	0.046	0.441	0.389	0.052	1508.82
mol_4_0_4	mol_4	0.261	0.222	0.039	0.455	0.377	0.078	0.423	0.351	0.072	1352.755
mol_65_0_4	mol_65	0.261	0.223	0.038	0.444	0.373	0.071	0.432	0.357	0.075	1378.615
mol_57_0_4	mol_57	0.261	0.198	0.062	0.456	0.337	0.119	0.441	0.325	0.116	1256.804
mol_51_0_4	mol_51	0.26	0.25	0.01	0.429	0.408	0.021	0.411	0.391	0.02	1512.487
mol_40_0_3	mol_40	0.26	0.198	0.062	0.426	0.314	0.112	0.471	0.348	0.123	1355.784
mol_38_0_1	mol_38	0.26	0.218	0.042	0.422	0.344	0.078	0.456	0.372	0.084	1448.476
mol_87_0_0	mol_87	0.259	0.206	0.054	0.45	0.347	0.103	0.436	0.336	0.101	1297.68
mol_98_0_2	mol_98	0.259	0.213	0.046	0.427	0.343	0.084	0.452	0.359	0.093	1393.912
mol_62_0_1	mol_62	0.259	0.226	0.033	0.45	0.383	0.067	0.417	0.355	0.062	1367.974
mol_38_0_3	mol_38	0.258	0.201	0.057	0.427	0.323	0.105	0.461	0.348	0.113	1355.094
mol_26_0_4	mol_26	0.258	0.223	0.035	0.439	0.37	0.068	0.427	0.36	0.067	1390.746
mol_60_0_3	mol_60	0.258	0.2	0.058	0.446	0.337	0.109	0.44	0.33	0.109	1278.247
mol_99_0_1	mol_99	0.256	0.241	0.016	0.425	0.394	0.031	0.412	0.382	0.03	1475.395
mol_70_0_1	mol_70	0.256	0.228	0.027	0.422	0.369	0.053	0.428	0.375	0.053	1454.653
mol_24_0_2	mol_24	0.256	0.23	0.026	0.411	0.362	0.049	0.438	0.386	0.052	1501.751
mol_85_0_0	mol_85	0.256	0.226	0.03	0.393	0.339	0.054	0.466	0.404	0.063	1579.449
mol_26_0_0	mol_26	0.256	0.212	0.044	0.44	0.355	0.085	0.427	0.345	0.083	1332.015
mol_53_0_0	mol_53	0.255	0.213	0.042	0.417	0.339	0.078	0.448	0.366	0.082	1421.67
mol_51_0_1	mol_51	0.255	0.211	0.043	0.442	0.357	0.085	0.422	0.341	0.081	1318.952
mol_22_0_0	mol_22	0.254	0.196	0.058	0.456	0.342	0.114	0.42	0.315	0.105	1214.19
mol_16_0_4	mol_16	0.254	0.222	0.032	0.418	0.359	0.059	0.434	0.366	0.068	1420.558
mol_99_0_4	mol_99	0.254	0.219	0.035	0.432	0.364	0.069	0.421	0.354	0.067	1367.398
mol_39_0_1	mol_39	0.253	0.23	0.023	0.429	0.383	0.046	0.409	0.365	0.044	1410.103
mol_58_0_3	mol_58	0.252	0.195	0.058	0.444	0.333	0.112	0.425	0.319	0.106	1233.153
mol_54_0_1	mol_54	0.252	0.199	0.053	0.418	0.32	0.098	0.448	0.345	0.103	1343.057
mol_79_0_3	mol_79	0.252	0.209	0.043	0.425	0.344	0.081	0.43	0.347	0.083	1345.33
mol_98_0_1	mol_98	0.251	0.214	0.037	0.413	0.345	0.068	0.436	0.361	0.075	1400.932
mol_33_0_2	mol_33	0.251	0.235	0.016	0.417	0.387	0.03	0.408	0.374	0.033	1447.003
mol_93_0_2	mol_93	0.251	0.205	0.046	0.408	0.325	0.083	0.45	0.357	0.093	1390.348
mol_87_0_3	mol_87	0.25	0.184	0.066	0.442	0.316	0.126	0.429	0.306	0.123	1182.545
mol_33_0_3	mol_33	0.25	0.227	0.023	0.419	0.376	0.043	0.411	0.364	0.047	1406.131
mol_76_0_1	mol_76	0.25	0.22	0.03	0.418	0.36	0.058	0.419	0.361	0.058	1399.267
mol_40_0_4	mol_40	0.25	0.224	0.026	0.396	0.348	0.049	0.439	0.385	0.053	1501.606
mol_56_0_4	mol_56	0.25	0.212	0.038	0.443	0.367	0.076	0.404	0.334	0.07	1285.499
mol_99_0_0	mol_99	0.25	0.206	0.043	0.432	0.348	0.084	0.419	0.336	0.082	1299.927
mol_97_0_4	mol_97	0.249	0.227	0.023	0.39	0.349	0.04	0.442	0.392	0.05	1529.401
mol_66_0_3	mol_66	0.249	0.232	0.018	0.419	0.384	0.035	0.403	0.369	0.034	1424.294
mol_40_0_0	mol_40	0.249	0.213	0.037	0.401	0.333	0.068	0.444	0.37	0.075	1440.541
mol_79_0_0	mol_79	0.249	0.226	0.024	0.412	0.366	0.046	0.417	0.37	0.047	1434.8
mol_10_0_0	mol_10	0.249	0.2	0.049	0.421	0.332	0.089	0.433	0.336	0.097	1303.195
mol_11_0_3	mol_11	0.249	0.203	0.046	0.433	0.343	0.09	0.419	0.331	0.088	1280.616
mol_58_0_2	mol_58	0.249	0.215	0.033	0.429	0.362	0.066	0.41	0.347	0.063	1340.711
mol_84_0_2	mol_84	0.249	0.22	0.029	0.412	0.359	0.053	0.421	0.362	0.059	1403.615
mol_71_0_4	mol_71	0.249	0.233	0.016	0.415	0.383	0.032	0.403	0.372	0.031	1437.149
mol_39_0_2	mol_39	0.249	0.214	0.035	0.429	0.361	0.069	0.41	0.345	0.065	1331.88
mol_99_0_3	mol_99	0.248	0.207	0.041	0.429	0.349	0.08	0.416	0.338	0.078	1306.87
mol_54_0_3	mol_54	0.248	0.197	0.051	0.412	0.318	0.094	0.442	0.343	0.099	1333.392
mol_10_0_1	mol_10	0.248	0.219	0.028	0.41	0.357	0.053	0.42	0.362	0.058	1403.59
mol_35_0_1	mol_35	0.247	0.219	0.028	0.404	0.353	0.052	0.425	0.366	0.059	1418.267
mol_82_0_0	mol_82	0.247	0.223	0.024	0.419	0.371	0.048	0.405	0.359	0.046	1385.938
mol_56_0_0	mol_56	0.247	0.217	0.029	0.434	0.375	0.059	0.396	0.341	0.055	1314.262
mol_96_0_2	mol_96	0.247	0.212	0.035	0.42	0.351	0.069	0.415	0.348	0.067	1345.728
mol_89_0_1	mol_89	0.247	0.221	0.026	0.435	0.383	0.053	0.391	0.344	0.048	1323.353
mol_81_0_1	mol_81	0.246	0.192	0.054	0.394	0.298	0.096	0.461	0.35	0.11	1370.418
mol_17_0_1	mol_17	0.246	0.234	0.012	0.409	0.384	0.025	0.397	0.373	0.024	1442.775
mol_43_0_2	mol_43	0.246	0.206	0.04	0.407	0.334	0.073	0.429	0.35	0.079	1359.167
mol_33_0_1	mol_33	0.246	0.236	0.01	0.407	0.388	0.019	0.396	0.375	0.021	1450.262
mol_41_0_4	mol_41	0.246	0.191	0.055	0.427	0.322	0.105	0.421	0.319	0.102	1233.912
mol_35_0_2	mol_35	0.245	0.213	0.032	0.403	0.344	0.058	0.424	0.357	0.067	1386.893
mol_51_0_3	mol_51	0.245	0.212	0.033	0.423	0.358	0.065	0.404	0.342	0.062	1321.737
mol_47_0_2	mol_47	0.244	0.206	0.038	0.439	0.361	0.078	0.394	0.324	0.07	1248.259
mol_92_0_4	mol_92	0.244	0.215	0.03	0.394	0.339	0.055	0.43	0.369	0.06	1438.041
mol_43_0_0	mol_43	0.244	0.202	0.042	0.405	0.329	0.077	0.428	0.344	0.084	1336.513
mol_65_0_3	mol_65	0.244	0.213	0.03	0.416	0.359	0.057	0.405	0.345	0.061	1332.171
mol_27_0_1	mol_27	0.244	0.187	0.056	0.405	0.303	0.103	0.44	0.33	0.111	1283.082
mol_60_0_4	mol_60	0.243	0.193	0.05	0.421	0.326	0.095	0.417	0.321	0.096	1243.045
mol_45_0_0	mol_45	0.242	0.222	0.021	0.407	0.365	0.041	0.401	0.36	0.04	1394.405
mol_40_0_2	mol_40	0.242	0.206	0.037	0.392	0.324	0.068	0.435	0.36	0.075	1402.509
mol_24_0_1	mol_24	0.242	0.205	0.037	0.399	0.33	0.069	0.426	0.352	0.074	1369.482
mol_27_0_2	mol_27	0.242	0.204	0.038	0.395	0.325	0.07	0.43	0.354	0.076	1377.516
mol_63_0_4	mol_63	0.241	0.224	0.017	0.395	0.364	0.03	0.404	0.368	0.036	1426.328
mol_84_0_3	mol_84	0.24	0.205	0.036	0.403	0.338	0.065	0.415	0.342	0.072	1326.695
mol_24_0_3	mol_24	0.24	0.208	0.032	0.394	0.333	0.06	0.421	0.356	0.065	1384.831
mol_88_0_4	mol_88	0.24	0.224	0.016	0.396	0.364	0.032	0.4	0.367	0.033	1423.478
mol_63_0_0	mol_63	0.24	0.204	0.036	0.401	0.337	0.064	0.416	0.34	0.076	1318.766
mol_26_0_2	mol_26	0.24	0.219	0.02	0.405	0.365	0.04	0.394	0.355	0.039	1373.029
mol_91_0_4	mol_91	0.239	0.203	0.036	0.389	0.324	0.065	0.428	0.352	0.076	1367.609
mol_10_0_4	mol_10	0.239	0.223	0.016	0.392	0.362	0.03	0.399	0.367	0.032	1421.728
mol_46_0_0	mol_46	0.238	0.224	0.014	0.4	0.372	0.028	0.387	0.36	0.027	1390.885
mol_61_0_2	mol_61	0.238	0.22	0.017	0.392	0.357	0.034	0.399	0.365	0.034	1414.232
mol_94_0_2	mol_94	0.237	0.207	0.03	0.392	0.334	0.058	0.411	0.351	0.06	1364.998
mol_55_0_3	mol_55	0.237	0.182	0.055	0.39	0.29	0.099	0.438	0.328	0.11	1279.395
mol_37_0_1	mol_37	0.236	0.192	0.044	0.398	0.314	0.084	0.416	0.33	0.086	1282.64
mol_15_0_1	mol_15	0.236	0.209	0.026	0.405	0.354	0.051	0.39	0.339	0.051	1308.393
mol_36_0_1	mol_36	0.235	0.216	0.02	0.399	0.36	0.039	0.388	0.35	0.038	1353.218
mol_74_0_2	mol_74	0.235	0.193	0.041	0.396	0.318	0.078	0.411	0.331	0.08	1283.363
mol_44_0_4	mol_44	0.234	0.19	0.044	0.423	0.335	0.088	0.387	0.306	0.081	1177.942
mol_86_0_0	mol_86	0.234	0.194	0.041	0.413	0.333	0.08	0.393	0.317	0.076	1223.142
mol_17_0_0	mol_17	0.234	0.2	0.034	0.405	0.339	0.067	0.393	0.328	0.065	1268.831
mol_69_0_3	mol_69	0.234	0.204	0.03	0.403	0.346	0.057	0.39	0.332	0.058	1282.664
mol_94_0_3	mol_94	0.234	0.203	0.03	0.388	0.33	0.058	0.406	0.346	0.06	1344.129
mol_84_0_0	mol_84	0.233	0.215	0.019	0.386	0.352	0.035	0.393	0.355	0.038	1375.123
mol_55_0_1	mol_55	0.232	0.193	0.039	0.377	0.305	0.071	0.423	0.345	0.078	1344.979
mol_61_0_1	mol_61	0.231	0.22	0.012	0.38	0.356	0.023	0.387	0.364	0.023	1411.084
mol_43_0_4	mol_43	0.231	0.207	0.024	0.381	0.335	0.045	0.4	0.351	0.049	1361.142
mol_15_0_3	mol_15	0.231	0.218	0.013	0.391	0.366	0.025	0.376	0.35	0.026	1352.135
mol_63_0_1	mol_63	0.231	0.211	0.02	0.383	0.347	0.036	0.392	0.35	0.042	1355.885
mol_11_0_0	mol_11	0.231	0.195	0.036	0.402	0.331	0.07	0.389	0.321	0.068	1238.925
mol_21_0_1	mol_21	0.23	0.216	0.014	0.394	0.368	0.026	0.372	0.344	0.028	1327.939
mol_68_0_4	mol_68	0.229	0.195	0.035	0.413	0.343	0.07	0.375	0.31	0.065	1194.678
mol_16_0_3	mol_16	0.229	0.195	0.034	0.385	0.323	0.062	0.401	0.33	0.071	1278.107
mol_88_0_2	mol_88	0.229	0.2	0.029	0.387	0.331	0.055	0.392	0.335	0.057	1298.691
mol_15_0_2	mol_15	0.228	0.204	0.024	0.393	0.347	0.046	0.378	0.332	0.046	1281.275
mol_97_0_3	mol_97	0.227	0.186	0.042	0.368	0.296	0.073	0.423	0.332	0.09	1296.378
mol_94_0_4	mol_94	0.226	0.195	0.03	0.377	0.319	0.058	0.395	0.335	0.059	1301.316
mol_27_0_4	mol_27	0.225	0.194	0.031	0.37	0.311	0.059	0.403	0.34	0.063	1321.672
mol_10_0_2	mol_10	0.225	0.185	0.041	0.385	0.309	0.075	0.396	0.314	0.082	1216.168
mol_8_0_1	mol_8	0.225	0.202	0.023	0.384	0.338	0.046	0.379	0.334	0.045	1291.921
mol_91_0_0	mol_91	0.225	0.186	0.039	0.371	0.301	0.07	0.408	0.326	0.082	1269.114
mol_72_0_4	mol_72	0.224	0.197	0.027	0.377	0.325	0.051	0.387	0.332	0.055	1288.654
mol_3_0_4	mol_3	0.223	0.196	0.027	0.378	0.325	0.053	0.384	0.332	0.053	1285.786
mol_87_0_2	mol_87	0.223	0.204	0.02	0.383	0.344	0.039	0.371	0.333	0.038	1287.954
mol_43_0_3	mol_43	0.223	0.198	0.026	0.371	0.323	0.048	0.39	0.338	0.052	1311.129
mol_27_0_3	mol_27	0.223	0.195	0.028	0.366	0.313	0.053	0.398	0.341	0.057	1325.899
mol_33_0_4	mol_33	0.223	0.203	0.02	0.381	0.344	0.037	0.373	0.332	0.041	1284.117
mol_93_0_1	mol_93	0.222	0.209	0.013	0.355	0.33	0.025	0.39	0.362	0.028	1408.09
mol_31_0_3	mol_31	0.221	0.193	0.028	0.383	0.331	0.052	0.375	0.317	0.058	1222.679
mol_85_0_2	mol_85	0.221	0.192	0.028	0.348	0.297	0.051	0.413	0.354	0.059	1385.183
mol_28_0_4	mol_28	0.22	0.199	0.021	0.369	0.328	0.041	0.379	0.337	0.042	1308.054
mol_54_0_0	mol_54	0.218	0.199	0.02	0.357	0.319	0.037	0.384	0.345	0.039	1340.803
mol_92_0_2	mol_92	0.217	0.189	0.028	0.357	0.305	0.052	0.39	0.333	0.057	1295.194
mol_35_0_3	mol_35	0.217	0.191	0.026	0.362	0.315	0.047	0.382	0.327	0.055	1268.508
mol_92_0_3	mol_92	0.217	0.19	0.027	0.356	0.306	0.051	0.389	0.334	0.056	1298.198
mol_17_0_2	mol_17	0.216	0.203	0.013	0.369	0.343	0.026	0.358	0.332	0.026	1285.0
mol_81_0_2	mol_81	0.216	0.175	0.041	0.349	0.276	0.073	0.409	0.325	0.084	1269.118
mol_96_0_1	mol_96	0.215	0.199	0.015	0.365	0.334	0.031	0.361	0.331	0.03	1280.424
mol_37_0_0	mol_37	0.215	0.194	0.021	0.358	0.317	0.04	0.374	0.332	0.041	1289.76
mol_10_0_3	mol_10	0.215	0.191	0.024	0.363	0.318	0.045	0.371	0.322	0.049	1249.523
mol_43_0_1	mol_43	0.214	0.175	0.038	0.363	0.292	0.071	0.382	0.305	0.077	1184.958
mol_34_0_0	mol_34	0.214	0.185	0.028	0.37	0.314	0.056	0.365	0.311	0.055	1203.137
mol_98_0_0	mol_98	0.213	0.183	0.031	0.358	0.302	0.056	0.379	0.316	0.063	1227.23
mol_85_0_1	mol_85	0.213	0.198	0.014	0.331	0.304	0.027	0.393	0.363	0.031	1419.35
mol_46_0_2	mol_46	0.212	0.193	0.019	0.368	0.329	0.039	0.356	0.318	0.038	1229.662
mol_20_0_4	mol_20	0.212	0.196	0.016	0.368	0.337	0.031	0.352	0.32	0.032	1235.626
mol_73_0_1	mol_73	0.212	0.188	0.024	0.362	0.316	0.047	0.363	0.318	0.045	1230.504
mol_73_0_0	mol_73	0.21	0.198	0.013	0.355	0.329	0.025	0.356	0.331	0.025	1281.751
mol_70_0_0	mol_70	0.208	0.178	0.03	0.358	0.299	0.059	0.364	0.305	0.059	1181.473
mol_73_0_3	mol_73	0.207	0.186	0.021	0.355	0.312	0.043	0.357	0.315	0.042	1220.753
mol_81_0_0	mol_81	0.206	0.176	0.03	0.332	0.277	0.055	0.389	0.326	0.063	1276.04
mol_40_0_1	mol_40	0.205	0.175	0.03	0.34	0.283	0.056	0.376	0.314	0.062	1223.66
mol_72_0_1	mol_72	0.203	0.183	0.02	0.345	0.307	0.038	0.353	0.313	0.04	1213.333
mol_76_0_4	mol_76	0.201	0.177	0.025	0.348	0.3	0.048	0.349	0.3	0.048	1163.518
mol_97_0_0	mol_97	0.201	0.177	0.024	0.326	0.284	0.042	0.371	0.319	0.052	1244.142
mol_19_0_0	mol_19	0.201	0.166	0.035	0.341	0.276	0.064	0.363	0.294	0.069	1142.471
mol_54_0_4	mol_54	0.2	0.179	0.021	0.333	0.292	0.041	0.359	0.316	0.043	1230.652
mol_74_0_3	mol_74	0.195	0.162	0.033	0.337	0.273	0.064	0.349	0.283	0.065	1100.122
mol_16_0_0	mol_16	0.194	0.181	0.013	0.328	0.304	0.025	0.338	0.31	0.028	1201.127
mol_38_0_2	mol_38	0.194	0.173	0.021	0.324	0.284	0.04	0.35	0.307	0.043	1194.755
mol_48_0_2	mol_48	0.188	0.163	0.024	0.32	0.274	0.046	0.337	0.288	0.049	1118.579
mol_92_0_1	mol_92	0.185	0.152	0.033	0.314	0.253	0.061	0.344	0.276	0.068	1073.957
mol_78_0_2	mol_78	0.185	0.17	0.015	0.308	0.28	0.028	0.333	0.303	0.029	1179.094
mol_85_0_3	mol_85	0.185	0.165	0.02	0.297	0.261	0.036	0.353	0.311	0.042	1217.424
mol_27_0_0	mol_27	0.179	0.163	0.016	0.299	0.269	0.03	0.326	0.293	0.033	1142.098
mol_85_0_4	mol_85	0.177	0.139	0.038	0.293	0.224	0.069	0.348	0.268	0.08	1048.763
mol_55_0_2	mol_55	0.171	0.147	0.024	0.287	0.242	0.045	0.323	0.273	0.05	1063.587
